Date,Yield,Country,pct_change
2026-09-18,5.01,United States,0
2026-09-21,4.96,United States,-0.9980039920159646
2026-09-22,4.96,United States,-0.9980039920159646
2026-09-23,5.11,United States,1.996007984031947
2026-09-24,5.18,United States,3.39321357285429
2026-09-18,5.256,United Kingdom,0
2026-09-21,5.163,United Kingdom,-1.7694063926940635
2026-09-22,5.1907,United Kingdom,-1.2423896499239073
2026-09-23,5.291,United Kingdom,0.6659056316590589
2026-09-24,5.3438,United Kingdom,1.670471841704712
2026-09-20,3.473846,European Union,0
2026-09-21,3.45274,European Union,-0.6075686717258068
2026-09-22,3.523661,European Union,1.434001392116984
2026-09-23,3.566168,European Union,2.6576307642883363
2026-09-24,3.614701,European Union,4.054727814646942
2026-09-18,2.981,Japan,0
2026-09-24,3.073,Japan,3.086212680308624
2026-09-25,3.071,Japan,3.0191211003019225
